hiring_company,get_time,get_url,site_name
Texas Endovascular Associates,"Mar 22, 2022","https://www.glassdoor.com/job-listing/physician-assistant-pa-office-based-endovascular-clinic-texas-endovascular-associates-JV_IC1140134_KO0,55_KE56,85.htm?jl=1007733819573",glassdoor
Houston Dentures Express,"Mar 21, 2022","https://www.glassdoor.com/job-listing/dental-lab-technician-houston-dentures-express-JV_IC1140190_KO0,21_KE22,46.htm?jl=1007731395623",glassdoor
Avance Biosciences Inc,"Mar 30, 2022","https://www.glassdoor.com/job-listing/molecular-biology-sr-lab-associate-avance-biosciences-inc-JV_IC1140171_KO0,34_KE35,57.htm?jl=1007752341974",glassdoor
Gemini,"Mar 09, 2022","https://www.glassdoor.com/job-listing/dental-lab-assistant-gemini-JV_IC1140171_KO0,20_KE21,27.htm?jl=1007702063076",glassdoor
"High Roller Sand, LLC","Mar 24, 2022","https://www.glassdoor.com/job-listing/hrs-experienced-mining-lab-tech-kermit-tx-sand-plant-housing-supplied-high-roller-sand-llc-JV_KO0,69_KE70,90.htm?jl=1007739485331",glassdoor
Imanis Life Sciences,"Mar 28, 2022","https://www.glassdoor.com/job-listing/research-assistant-rochester-mn-imanis-life-sciences-JV_KO0,31_KE32,52.htm?jl=1007747446732",glassdoor
Fusion Medical Staffing,"Mar 11, 2022","https://www.glassdoor.com/job-listing/cath-lab-tech-fusion-medical-staffing-JV_IC1140177_KO0,13_KE14,37.htm?jl=1007709485846",glassdoor
"Terracon Consultants, Inc.","Mar 04, 2022","https://www.glassdoor.com/job-listing/construction-materials-lab-technician-in-training-terracon-consultants-inc-JV_IC1140171_KO0,49_KE50,74.htm?jl=1007691031922",glassdoor
Stability Healthcare,"Mar 14, 2022","https://www.glassdoor.com/job-listing/cath-lab-tech-travel-nursing-stability-healthcare-JV_IC1140171_KO0,28_KE29,49.htm?jl=1007642115571",glassdoor
On-Board Companies,"Mar 21, 2022","https://www.glassdoor.com/job-listing/industrial-lab-technician-on-board-companies-JV_IC1140171_KO0,25_KE26,44.htm?jl=1007731192006",glassdoor
Kelly,"Mar 24, 2022","https://www.glassdoor.com/job-listing/biotechnology-laboratory-associates-nw-houston-kelly-JV_IC1140171_KO0,46_KE47,52.htm?jl=1007740731060",glassdoor
Smile Doctors,"Mar 21, 2022","https://www.glassdoor.com/job-listing/sterilization-and-lab-technician-smile-doctors-JV_IC1140177_KO0,32_KE33,46.htm?jl=1007730925545",glassdoor
Memorial Hermann Health System,"Mar 29, 2022","https://www.glassdoor.com/job-listing/lab-tech-weekend-days-memorial-hermann-health-system-JV_IC1140225_KO0,21_KE22,52.htm?jl=1007749782592",glassdoor
Ashburn Chemical Technologies,"Mar 25, 2022","https://www.glassdoor.com/job-listing/lab-technician-chemicals-ashburn-chemical-technologies-JV_IC1140171_KO0,24_KE25,54.htm?jl=1007741673241",glassdoor
Elligo Health Research,"Mar 08, 2022","https://www.glassdoor.com/job-listing/clinical-research-assistant-katy-tx-elligo-health-research-JV_IC1140177_KO0,35_KE36,58.htm?jl=1007628266919",glassdoor
Houston Methodist,"Mar 14, 2022","https://www.glassdoor.com/job-listing/medical-laboratory-assistant-i-full-time-10pm-to-6-30am-houston-methodist-JV_IC1140171_KO0,55_KE56,73.htm?jl=1007643158316",glassdoor
Eurofins,"Mar 24, 2022","https://www.glassdoor.com/job-listing/laboratory-technician-entry-level-eurofins-JV_IC1140223_KO0,33_KE34,42.htm?jl=1007591468470",glassdoor
Genesis Medical Group,"Mar 29, 2022","https://www.glassdoor.com/job-listing/phlebotomist-lab-processor-spring-genesis-medical-group-JV_IC1140196_KO0,33_KE34,55.htm?jl=1007749205399",glassdoor
Worley,"Mar 28, 2022","https://www.glassdoor.com/job-listing/lab-technician-worley-JV_IC1140225_KO0,14_KE15,21.htm?jl=1007677796974",glassdoor
Seal for Life Industries,"Mar 23, 2022","https://www.glassdoor.com/job-listing/lab-technician-seal-for-life-industries-JV_IC1140171_KO0,14_KE15,39.htm?jl=1007736819541",glassdoor
Cabot Microelectronics,"Mar 30, 2022","https://www.glassdoor.com/job-listing/associate-lab-technician-cabot-microelectronics-JV_IC1140207_KO0,24_KE25,47.htm?jl=1007751914074",glassdoor
Kelsey-Seybold,"Mar 22, 2022","https://www.glassdoor.com/job-listing/laboratory-assistant-processor-laboratory-services-kelsey-seybold-JV_IC1140171_KO0,50_KE51,65.htm?jl=1007319960795",glassdoor
Bureau Veritas,"Mar 10, 2022","https://www.glassdoor.com/job-listing/lab-technician-entry-level-bureau-veritas-JV_IC1140223_KO0,26_KE27,41.htm?jl=1007706337838",glassdoor
Memorial Hermann Health System,"Mar 28, 2022","https://www.glassdoor.com/job-listing/medical-lab-tech-med-tech-evening-shift-4-10-hour-shifts-11am-memorial-hermann-health-system-JV_IC1140171_KO0,61_KE62,92.htm?jl=1007748149605",glassdoor
"Riteks, Inc.","Mar 27, 2022","https://www.glassdoor.com/job-listing/lab-specialist-riteks-inc-JV_IC1140171_KO0,14_KE15,25.htm?jl=1007598311280",glassdoor
St. Luke's Health - The Vintage Hospital,"Mar 22, 2022","https://www.glassdoor.com/job-listing/medical-lab-technician-st-luke-s-health-the-vintage-hospital-JV_IC1140171_KO0,22_KE23,60.htm?jl=1007523816158",glassdoor
"Elixir Research Group, LLC","Mar 21, 2022","https://www.glassdoor.com/job-listing/phlebotomist-lab-assistant-elixir-research-group-llc-JV_IC1140171_KO0,26_KE27,52.htm?jl=1007585760633",glassdoor
Diax Labs,"Mar 27, 2022","https://www.glassdoor.com/job-listing/laboratory-specimen-processor-diax-labs-JV_IC1140229_KO0,29_KE30,39.htm?jl=1007531009342",glassdoor
Celltechgen,"Mar 23, 2022","https://www.glassdoor.com/job-listing/lab-technician-celltechgen-JV_IC1140171_KO0,14_KE15,26.htm?jl=1007320869965",glassdoor
ChampionX,"Mar 03, 2022","https://www.glassdoor.com/job-listing/lab-analyst-manufacturing-championx-JV_IC1140225_KO0,25_KE26,35.htm?jl=1007688812906",glassdoor
"Regional Digestive Consultants, P.A.",11 hours ago,https://www.ziprecruiter.com/k/l/AAK7hrgZJnFl9UWPPtdCtK78FX6guRHTLMf4OhMj8Y_xlm1eIKTr1sQyLmIqEurHU_xJPIpKJFUrV_IznPn5SiHxkXThUfNdqypJU8hLQBsMyAmFu04gd-vlf6mpLrKO54FwwYnVSLFXoNqFh078SnAmI-ID4coK7bm-s5j26_o8mUeyVqe_ws28biubqg,ziprecruiter
Nobilitas Group LLC,yesterday,https://www.ziprecruiter.com/k/l/AAKrAQKeGh1u7aAdRNZXHtF0s-2rQYO68WU9aC3AYKrLAcl890ICgNXs3NEcxhobbazYjucj83pBEgP1xlo8_FFh_grppK_dHjEtsD4ZlTvvBtbhb4ehok7QNxNpXaLpqTd5t7RlsZQgn1ptjXpTYwQgSbtvWXoXzxOSqCxN3En_8NJu-g0uDHzM3VesIg,ziprecruiter
"Cardiologists of Houston, PA",yesterday,https://www.ziprecruiter.com/k/l/AAItVfDFmTavPZRAqQ5riLYklGqt_s_RvIxhDTx7IZwaz0PEySM3yj5acioif4nv2ippCXvAp9LAvHaQIEknFiFdCg57EXLaVGEMCxZYXuirbWVZlfyjEqcuP3Bj-g5UW3Xwu7XUAMqwReNYNzc4RIEvoOyEfAh9X8f3rsq6QTpj4b2_P90tfjmJiuJhhw,ziprecruiter
VoxelMaps Inc.,23 hours ago,https://www.ziprecruiter.com/k/l/AALiXVgLtlACmWyqnMvT7XtNtaI1RaYaFOBFpllw13IDeIvHqlSZO-QqnU1ef24xkSicsyzVb6MX4-WQShnsaVqPicF-FwSQ98qZ0sgHBwAs4LTmqW1BQYc58R1S5S-QZfqg3QdPAPzSaptI0esP-tWHm5vcCL7TgB6AW-9-s2n0BlDi4ZsP5Pq5yji4Yw,ziprecruiter
Balbir S Chahal MD PA,9 hours ago,https://www.ziprecruiter.com/k/l/AAJRzBkUFp1SpCWVCoCgdgVIYaIaYkcPG5rbTswEf--KttKPT8qWEqTcKB6MsKyAYAoIZcCM7Yicg80JbfLr28U1-fnpZTyHk5jYCyDb_OlsHt62ZXJioRkrO7KmA1CItbjUvuUwUY4C_4XUYaWinm2Iv8NNHPikArfWvxRv-Je23hk4Pb6lLwyGjj7FmA,ziprecruiter
Family Care Plus Clinic,yesterday,https://www.ziprecruiter.com/k/l/AAJ_h6jrXsmKURgT8o3M4VCqwyilsO54Bp4cfFOxNsibxKC-T-MiJIbnA2TQoYptSnACS3wYqRQ8vqy_A4TQi9mkZBoVqZ1v0lP-1lKC3oK8ibbopZP2VoQ_3DhV62U_oPGvQlEZIfQsCIygkM4b_JrHTQA_HiZ02KY2A7u73Sj6vp-67GqgO3MwU6bVNA,ziprecruiter
Huntsman,yesterday,https://www.ziprecruiter.com/k/l/AAL2XCAzJHT_jXBPpxC_kJ0_Xjzyq_C7o8nWksKdQGLHVqMi5dI0htEmjnzclOEaV8uU7w45opX8JN1z9doLbdO3sxLvqxLsjT_Xny6XpKfFBuwy345us1Zlw9RpTrXZCLrNlAAloPaliIMns1hgRSb7y1ao_Fq_mJ4jO-Vhih6OQkhFnMBr3cyC_2poIg,ziprecruiter
Cambay healthcare LLC,yesterday,https://www.ziprecruiter.com/k/l/AAI4VgUSNDFpHG409YD8_3AjeEYHu1VVwm27_qY7Ln7ERXcGSNDbJaA0lJvGS74rTKfHoYYOj5TbPh-DIO2fJRGL-2hzzFxSQ3ZeKb5knj4zeIrlQplodCzLEIkCyQ6wdGkVusHadx6WXZIR4HXtJoXqGwwID3dhjZqQqmfd3vl77TW84iozmeNT1NcHdg,ziprecruiter
Rice Village Animal Hospital,20 hours ago,https://www.ziprecruiter.com/k/l/AALRx3-SoDLgyQD3_esRag3_6YSNrtJcAUXTn7NPKdmIuDyDPn-V7K1mekXYPiZo_M-ciX3MQNszYGYv9LdFj2fGKfmHUMiPjyNIowqwwgVyS2aEe1RAPqLHwWmJQ8DftRW0TLRPqLsP2VAGSrRvSR4cACfFaQq65xa_cJCFGxNszGEJe4GlXvE8UXQBHg,ziprecruiter
Houston Methodist,yesterday,https://www.ziprecruiter.com/k/l/AAILrKlWNnfIHPkT6Lf3-xVijyz1vQnICX7pNlAZRMgUidP0VNxixudK_hYF8hpG_WtD1xykHZ2zDUXn5WEl3MjW0hQbGAdaDbMek6Zo-8oEJ677vowLTAlS15x79x6RDF8urG81pTahHCjPfCrlv99zh0hgy4K5TbWl6FRN4zprDFFO2DQE1n2Q5qJaN5c,ziprecruiter
Paramount MDPA,yesterday,https://www.ziprecruiter.com/k/l/AAJyHhrsayEDiVlCHrUTa1jZxjpqxRivXexGVBqY7vPMGaVjJbIil1jZDEp7FByUTbIgsKMUaO2FQCuC6yYneXh5o28G94APelZeSNPm5dVUqwR7kHxCG4sGsYSmZJ4ebpkrYoDNSTui_60Kkwvcew9XLRsLowhSVrDe34WXiENtCZ6qvq0s-JubFEmvYJA,ziprecruiter
Precision Castparts Corp.,2 days ago,https://www.ziprecruiter.com/k/l/AAJuft73pfU7Gag5Q_RSQwJEmvQZAlhiwgeOyLApEsQocj5Nj1roeWbXlvTe8BhzsFUOUbNJjdI5wJoxFP4YtJB7F9GxdfDk4CIX1Hn-JkccNbjdkCY9sKys7rd1nmr-0K1A4MZlq6fW-kY6a6SCk4aSoX9TyzpJb6mRRwI1SS1s5gJ9H7TIvwOy_h0_bbE,ziprecruiter
Advanced Pain Management Specialists of Baytown,10 hours ago,https://www.ziprecruiter.com/k/l/AAJYw4FXtAokykAovHCoPjG8MRIqIq1FMPaPozQfWPpNGiJc9NrL3LKdcXGfihytAlHLVjNS5wPZ1PK46hFcjc8W6hFWwXD8sHnAhM2CZH-9-SpmoMcoLqYTGO4SzSEjB4j4eAWNKcKZXowRNWOqcequz_dY8k2tt__mB0GWXCXxtWqoWDsK5XoHa5rayMc,ziprecruiter
University of Texas M.D. Anderson,yesterday,https://www.ziprecruiter.com/ek/l/AAKnzenHd-pLtZNsGs2gf1uFC6yurvywoBLdqkJC3XvUyQhQqKajgiA1yFrsG5UGYHj5fqmvNpd_xtyto9c-HqyVl0LXjlvxlTvnHej1fDn7Otnh9yMuNGL4yhQ9rNRpx8U5JaDzl4cQTcdoqJYV2IhhJeaiiAEGk96AqPbEgsSNOhnWWwzj26ECatxw7O8,ziprecruiter
Team1Medical,23 hours ago,https://www.ziprecruiter.com/k/l/AAKJrvuyU8DbsQlF6dw3oC-NOlYltAuC2ffAYmJEa72jzLwUqIuXqc0855Gzjg8wZ6Sp76_TKOEewpdK6BbE7xz8jORlwSNTmpj5iMObW7tg-U1VggktQnYN25TU7tMm6Uw-MEY_Mq1RLr9EdpiHzOona9o2oaOGkiHjz-_So-1fQawVE3JjooV_-0xAsnQ,ziprecruiter
"SEA, Ltd.",yesterday,https://www.ziprecruiter.com/k/l/AAKzLBooMvoBNZU9uP1P5_qbjG2coW5BzYaPiHlsUTJaBHy_kuLKOTgaazSqR3xFZC2foJuBaFPgR7_Ba7lA2-iWX6VVBrXDuxUWz-nj-bHOW7ODKyhxGGCjzo8R3YeWh80R44kaaaAYreP8yYn81Z7GwXzeMsDgNVShwZ1z1hPNVwNKaMwVhGIztrU8a7E,ziprecruiter
Geotech Engineering and Testing,3 hours ago,https://www.ziprecruiter.com/k/l/AAJJ6MXD3GCmovNROmUN29-uTsFpmfsNh2Tzvet8bJNososJyYK18V053t1Jy94bHmmVyOOXd7PB0FK5T_50r44mjlBCWP8RQInOWRaYmahABiGRCNl8rTbHcoJ8votYLIQscnhFG9nMY4aXpgaVymHs5GIbg07JLIb7n7-2ls2oJapAhuQe6_H_YTDlgF0,ziprecruiter
Club Staffing,yesterday,https://www.ziprecruiter.com/ek/l/AAJNrMBZOVSiqO4qvVGpVXO18fLJZgUBsCAlfM960CRB-GX4WseuWcRsD19n3IrVmYlfPL68k0p5-DWz8SGgeQrB2XETvQpwT5IHzx3IB3m6uGTAGcSx-atKHmLNWxFSx5ckPdP-H6L0J_BFSjLC34ApI8LFAUXuCWJO1asqDNBTQ9ALJo33hQhuwa_bLwU,ziprecruiter
McGovern Medical School at UTHealth - UTHealth,yesterday,https://www.ziprecruiter.com/k/l/AALX-afqRRl36IjIVqfg264K0TU3VKJeguMw1xj-YIKLsRvr9KmUJh2WN3GPPurCC9MSRudNf3uXjoqgMbUWzR7IZVmoYFo86swYbDVuoIeES6OlZx2hSeNYvZJC_TLYw33JRVmKjYpCdyMb5PlxY8xCI729KAyQibsTjzM4pZye7ejFKUIQGZZ54EL5-cY,ziprecruiter
Legacy Community Health Services,yesterday,https://www.ziprecruiter.com/k/l/AAI3eSHD19TNLo6pXYv-URw43nfa_XThODbM3AkW9CebqPS62mT6wUa1SnhDV69kmHWlnSU874y26jAGHb6Zoxxn19KBoL6r4zgSeAo0m0iHjodkR7RIqAiup_9AcicYYF67r-Zk8WKCwO1dlTr0o3RUuacNz1BZfxbV5O8JupPS3iRRRyua97xppJnbXxI,ziprecruiter
