status,hiring_company,get_time,get_url,site_name 
save,Texas Endovascular Associates,"Mar 22, 2022","https://www.glassdoor.com/job-listing/physician-assistant-pa-office-based-endovascular-clinic-texas-endovascular-associates-JV_IC1140134_KO0,55_KE56,85.htm?jl=1007733819573",glassdoor
save,Avance Biosciences Inc,"Mar 30, 2022","https://www.glassdoor.com/job-listing/molecular-biology-sr-lab-associate-avance-biosciences-inc-JV_IC1140171_KO0,34_KE35,57.htm?jl=1007752341974",glassdoor
Applied,"Riteks, Inc.","Mar 27, 2022","https://www.glassdoor.com/job-listing/lab-specialist-riteks-inc-JV_IC1140171_KO0,14_KE15,25.htm?jl=1007598311280",glassdoor
Not_Applied,Avance Biosciences Inc,"Mar 30, 2022","https://www.glassdoor.com/job-listing/molecular-biology-lab-associate-avance-biosciences-inc-JV_IC1140171_KO0,31_KE32,54.htm?jl=1007752316896",glassdoor
save,"High Roller Sand, LLC","Mar 24, 2022","https://www.glassdoor.com/job-listing/hrs-experienced-mining-lab-tech-kermit-tx-sand-plant-housing-supplied-high-roller-sand-llc-JV_KO0,69_KE70,90.htm?jl=1007739485331",glassdoor
save,Imanis Life Sciences,"Mar 28, 2022","https://www.glassdoor.com/job-listing/research-assistant-rochester-mn-imanis-life-sciences-JV_KO0,31_KE32,52.htm?jl=1007747446732",glassdoor
Applied,Legacy Community Health Services,"Apr 01, 2022","https://www.glassdoor.com/job-listing/medical-assistant-southwest-clinic-legacy-community-health-services-JV_IC1140171_KO0,34_KE35,67.htm?jl=1007760991304",glassdoor
Applied,"Terracon Consultants, Inc.","Mar 04, 2022","https://www.glassdoor.com/job-listing/construction-materials-lab-technician-in-training-terracon-consultants-inc-JV_IC1140171_KO0,49_KE50,74.htm?jl=1007691031922",glassdoor
Not_Interested,Natura PCR2,"Apr 01, 2022","https://www.glassdoor.com/job-listing/lab-quality-control-technician-natura-pcr2-JV_IC1140230_KO0,30_KE31,42.htm?jl=1007610797723",glassdoor
save,Fusion Medical Staffing,"Mar 11, 2022","https://www.glassdoor.com/job-listing/cath-lab-tech-fusion-medical-staffing-JV_IC1140177_KO0,13_KE14,37.htm?jl=1007709485846",glassdoor
Applied,Kelly,"Mar 15, 2022","https://www.glassdoor.com/job-listing/research-lab-technician-northwest-houston-tx-kelly-JV_IC1140171_KO0,44_KE45,50.htm?jl=1007718608071",glassdoor
Applied,Kelly,"Mar 24, 2022","https://www.glassdoor.com/job-listing/biotechnology-laboratory-associates-nw-houston-kelly-JV_IC1140171_KO0,46_KE47,52.htm?jl=1007740731060",glassdoor
Not_Applied,On-Board Companies,"Mar 21, 2022","https://www.glassdoor.com/job-listing/industrial-lab-technician-on-board-companies-JV_IC1140171_KO0,25_KE26,44.htm?jl=1007731192006",glassdoor
Not_Applied,Legacy Community Health Services,"Mar 05, 2022","https://www.glassdoor.com/job-listing/care-team-assistant-bissonnet-clinic-legacy-community-health-services-JV_IC1140171_KO0,36_KE37,69.htm?jl=1007545389060",glassdoor
Not_Applied,Smile Doctors,"Mar 21, 2022","https://www.glassdoor.com/job-listing/sterilization-and-lab-technician-smile-doctors-JV_IC1140177_KO0,32_KE33,46.htm?jl=1007730925545",glassdoor
Not_Interested,ARC Healthcare LLC,"Apr 02, 2022","https://www.glassdoor.com/job-listing/medical-lab-technician-arc-healthcare-llc-JV_IC1140225_KO0,22_KE23,41.htm?jl=1007761146887",glassdoor
Applied,Elligo Health Research,"Mar 08, 2022","https://www.glassdoor.com/job-listing/clinical-research-assistant-katy-tx-elligo-health-research-JV_IC1140177_KO0,35_KE36,58.htm?jl=1007628266919",glassdoor
save,Ashburn Chemical Technologies,"Mar 25, 2022","https://www.glassdoor.com/job-listing/lab-technician-chemicals-ashburn-chemical-technologies-JV_IC1140171_KO0,24_KE25,54.htm?jl=1007741673241",glassdoor
Not_Applied,Artemis DNA,"Mar 31, 2022","https://www.glassdoor.com/job-listing/laboratory-technician-cell-isolation-artemis-dna-JV_IC1140171_KO0,36_KE37,48.htm?jl=1007755292565",glassdoor
Applied,Eurofins,"Mar 24, 2022","https://www.glassdoor.com/job-listing/laboratory-technician-entry-level-eurofins-JV_IC1140223_KO0,33_KE34,42.htm?jl=1007591468470",glassdoor
save,Houston Methodist,"Mar 14, 2022","https://www.glassdoor.com/job-listing/medical-laboratory-assistant-i-full-time-10pm-to-6-30am-houston-methodist-JV_IC1140171_KO0,55_KE56,73.htm?jl=1007643158316",glassdoor
Applied,Memorial Hermann Health System,"Apr 01, 2022","https://www.glassdoor.com/job-listing/medical-laboratory-specialist-memorial-hermann-health-system-JV_IC1140177_KO0,29_KE30,60.htm?jl=1007760824280",glassdoor
Applied,Genesis Medical Group,"Mar 29, 2022","https://www.glassdoor.com/job-listing/phlebotomist-lab-processor-spring-genesis-medical-group-JV_IC1140196_KO0,33_KE34,55.htm?jl=1007749205399",glassdoor
Not_Interested,Spring Branch Community Health Center,"Mar 25, 2022","https://www.glassdoor.com/job-listing/medical-assistant-katy-clinic-spring-branch-community-health-center-JV_IC1140177_KO0,29_KE30,67.htm?jl=1007741637248",glassdoor
Not_Interested,Bureau Veritas,"Mar 10, 2022","https://www.glassdoor.com/job-listing/lab-technician-entry-level-bureau-veritas-JV_IC1140223_KO0,26_KE27,41.htm?jl=1007706337838",glassdoor
Applied,Kelsey-Seybold,"Mar 22, 2022","https://www.glassdoor.com/job-listing/laboratory-assistant-processor-laboratory-services-kelsey-seybold-JV_IC1140171_KO0,50_KE51,65.htm?jl=1007319960795",glassdoor
Not_Applied,St. Luke's Health - The Vintage Hospital,"Mar 22, 2022","https://www.glassdoor.com/job-listing/medical-lab-technician-st-luke-s-health-the-vintage-hospital-JV_IC1140171_KO0,22_KE23,60.htm?jl=1007523816158",glassdoor
Not_Applied,Seal for Life Industries,"Mar 23, 2022","https://www.glassdoor.com/job-listing/lab-technician-seal-for-life-industries-JV_IC1140171_KO0,14_KE15,39.htm?jl=1007736819541",glassdoor
save,Cabot Microelectronics,"Mar 30, 2022","https://www.glassdoor.com/job-listing/associate-lab-technician-cabot-microelectronics-JV_IC1140207_KO0,24_KE25,47.htm?jl=1007751914074",glassdoor
